Date;Total flow (#1+#6+...+#15) / m3/min
2022/4/3 0:00;79.88
2022/4/3 0:01;79.92
2022/4/3 0:02;80.48
2022/4/3 0:03;80.23
2022/4/3 0:04;81.26
2022/4/3 0:05;79.94
2022/4/3 0:06;79.65
2022/4/3 0:07;79.73
2022/4/3 0:08;80.36
2022/4/3 0:09;80.08
2022/4/3 0:10;79.85
2022/4/3 0:11;80.01
2022/4/3 0:12;79.12
2022/4/3 0:13;80.84
2022/4/3 0:14;79.86
2022/4/3 0:15;81.46
2022/4/3 0:16;79.88
2022/4/3 0:17;79.51
2022/4/3 0:18;79.12
2022/4/3 0:19;79.41
2022/4/3 0:20;79.90
2022/4/3 0:21;79.06
2022/4/3 0:22;80.31
2022/4/3 0:23;78.77
2022/4/3 0:24;79.83
2022/4/3 0:25;79.97
2022/4/3 0:26;79.56
2022/4/3 0:27;79.68
2022/4/3 0:28;79.04
2022/4/3 0:29;79.94
2022/4/3 0:30;78.84
2022/4/3 0:31;80.59
2022/4/3 0:32;79.25
2022/4/3 0:33;80.44
2022/4/3 0:34;79.56
2022/4/3 0:35;80.16
2022/4/3 0:36;80.64
2022/4/3 0:37;79.19
2022/4/3 0:38;78.06
2022/4/3 0:39;77.33
2022/4/3 0:40;77.91
2022/4/3 0:41;77.03
2022/4/3 0:42;78.17
2022/4/3 0:43;77.55
2022/4/3 0:44;78.33
2022/4/3 0:45;79.30
2022/4/3 0:46;79.58
2022/4/3 0:47;79.22
2022/4/3 0:48;79.00
2022/4/3 0:49;80.37
2022/4/3 0:50;71.14
2022/4/3 0:51;48.53
2022/4/3 0:52;50.58
2022/4/3 0:53;63.49
2022/4/3 0:54;67.90
2022/4/3 0:55;66.67
2022/4/3 0:56;63.66
2022/4/3 0:57;61.72
2022/4/3 0:58;55.55
2022/4/3 0:59;58.52
2022/4/3 1:00;63.69
2022/4/3 1:01;71.90
2022/4/3 1:02;70.27
2022/4/3 1:03;72.51
2022/4/3 1:04;71.85
2022/4/3 1:05;65.11
2022/4/3 1:06;57.19
2022/4/3 1:07;66.10
2022/4/3 1:08;65.51
2022/4/3 1:09;65.45
2022/4/3 1:10;67.66
2022/4/3 1:11;66.37
2022/4/3 1:12;72.43
2022/4/3 1:13;85.73
2022/4/3 1:14;82.74
2022/4/3 1:15;85.15
2022/4/3 1:16;85.24
2022/4/3 1:17;84.33
2022/4/3 1:18;84.85
2022/4/3 1:19;84.41
2022/4/3 1:20;84.95
2022/4/3 1:21;84.87
2022/4/3 1:22;84.78
2022/4/3 1:23;85.36
2022/4/3 1:24;84.42
2022/4/3 1:25;85.72
2022/4/3 1:26;85.47
2022/4/3 1:27;86.26
2022/4/3 1:28;84.77
2022/4/3 1:29;85.75
2022/4/3 1:30;85.66
2022/4/3 1:31;86.25
2022/4/3 1:32;86.32
2022/4/3 1:33;84.82
2022/4/3 1:34;86.48
2022/4/3 1:35;85.69
2022/4/3 1:36;86.25
2022/4/3 1:37;86.34
2022/4/3 1:38;85.37
2022/4/3 1:39;86.93
2022/4/3 1:40;86.35
2022/4/3 1:41;86.52
2022/4/3 1:42;86.07
2022/4/3 1:43;85.34
2022/4/3 1:44;85.65
2022/4/3 1:45;85.51
2022/4/3 1:46;86.36
2022/4/3 1:47;85.87
2022/4/3 1:48;86.13
2022/4/3 1:49;85.46
2022/4/3 1:50;85.08
2022/4/3 1:51;85.01
2022/4/3 1:52;84.67
2022/4/3 1:53;85.19
2022/4/3 1:54;85.24
2022/4/3 1:55;84.54
2022/4/3 1:56;85.37
2022/4/3 1:57;85.50
2022/4/3 1:58;86.25
2022/4/3 1:59;84.20
2022/4/3 2:00;84.34
2022/4/3 2:01;83.69
2022/4/3 2:02;84.65
2022/4/3 2:03;84.17
2022/4/3 2:04;84.12
2022/4/3 2:05;85.00
2022/4/3 2:06;84.05
2022/4/3 2:07;85.20
2022/4/3 2:08;84.04
2022/4/3 2:09;84.83
2022/4/3 2:10;84.47
2022/4/3 2:11;84.41
2022/4/3 2:12;84.62
2022/4/3 2:13;84.53
2022/4/3 2:14;84.81
2022/4/3 2:15;83.78
2022/4/3 2:16;85.03
2022/4/3 2:17;85.74
2022/4/3 2:18;84.46
2022/4/3 2:19;84.69
2022/4/3 2:20;83.82
2022/4/3 2:21;85.75
2022/4/3 2:22;84.73
2022/4/3 2:23;86.08
2022/4/3 2:24;85.50
2022/4/3 2:25;85.10
2022/4/3 2:26;85.28
2022/4/3 2:27;86.01
2022/4/3 2:28;86.02
2022/4/3 2:29;85.19
2022/4/3 2:30;85.85
2022/4/3 2:31;85.90
2022/4/3 2:32;85.81
2022/4/3 2:33;85.80
2022/4/3 2:34;83.83
2022/4/3 2:35;84.62
2022/4/3 2:36;85.32
2022/4/3 2:37;86.68
2022/4/3 2:38;85.67
2022/4/3 2:39;84.41
2022/4/3 2:40;85.32
2022/4/3 2:41;84.97
2022/4/3 2:42;85.25
2022/4/3 2:43;84.11
2022/4/3 2:44;85.62
2022/4/3 2:45;84.81
2022/4/3 2:46;85.47
2022/4/3 2:47;85.94
2022/4/3 2:48;85.30
2022/4/3 2:49;85.87
2022/4/3 2:50;84.96
2022/4/3 2:51;85.32
2022/4/3 2:52;85.29
2022/4/3 2:53;85.62
2022/4/3 2:54;85.33
2022/4/3 2:55;85.12
2022/4/3 2:56;86.58
2022/4/3 2:57;85.19
2022/4/3 2:58;86.44
2022/4/3 2:59;84.91
2022/4/3 3:00;86.88
2022/4/3 3:01;87.17
2022/4/3 3:02;86.23
2022/4/3 3:03;85.24
2022/4/3 3:04;85.30
2022/4/3 3:05;85.94
2022/4/3 3:06;85.70
2022/4/3 3:07;84.68
2022/4/3 3:08;86.31
2022/4/3 3:09;85.27
2022/4/3 3:10;85.55
2022/4/3 3:11;84.51
2022/4/3 3:12;85.36
2022/4/3 3:13;84.70
2022/4/3 3:14;84.92
2022/4/3 3:15;85.78
2022/4/3 3:16;84.96
2022/4/3 3:17;85.22
2022/4/3 3:18;86.44
2022/4/3 3:19;85.57
2022/4/3 3:20;84.97
2022/4/3 3:21;85.76
2022/4/3 3:22;85.90
2022/4/3 3:23;85.29
2022/4/3 3:24;85.11
2022/4/3 3:25;84.69
2022/4/3 3:26;84.90
2022/4/3 3:27;84.04
2022/4/3 3:28;86.85
2022/4/3 3:29;84.38
2022/4/3 3:30;84.70
2022/4/3 3:31;84.61
2022/4/3 3:32;86.00
2022/4/3 3:33;85.26
2022/4/3 3:34;84.91
2022/4/3 3:35;85.25
2022/4/3 3:36;84.41
2022/4/3 3:37;84.77
2022/4/3 3:38;84.83
2022/4/3 3:39;85.10
2022/4/3 3:40;84.37
2022/4/3 3:41;84.34
2022/4/3 3:42;84.91
2022/4/3 3:43;84.59
2022/4/3 3:44;85.49
2022/4/3 3:45;84.89
2022/4/3 3:46;86.14
2022/4/3 3:47;84.52
2022/4/3 3:48;85.83
2022/4/3 3:49;85.48
2022/4/3 3:50;84.18
2022/4/3 3:51;84.85
2022/4/3 3:52;84.08
2022/4/3 3:53;85.33
2022/4/3 3:54;86.54
2022/4/3 3:55;89.03
2022/4/3 3:56;87.75
2022/4/3 3:57;88.84
2022/4/3 3:58;85.15
2022/4/3 3:59;84.73
2022/4/3 4:00;85.73
2022/4/3 4:01;85.17
2022/4/3 4:02;85.59
2022/4/3 4:03;84.96
2022/4/3 4:04;84.99
2022/4/3 4:05;84.63
2022/4/3 4:06;84.69
2022/4/3 4:07;85.23
2022/4/3 4:08;84.89
2022/4/3 4:09;85.68
2022/4/3 4:10;84.38
2022/4/3 4:11;85.14
2022/4/3 4:12;84.02
2022/4/3 4:13;85.26
2022/4/3 4:14;83.40
2022/4/3 4:15;84.40
2022/4/3 4:16;84.53
2022/4/3 4:17;84.69
2022/4/3 4:18;84.84
2022/4/3 4:19;85.44
2022/4/3 4:20;85.31
2022/4/3 4:21;84.91
2022/4/3 4:22;84.45
2022/4/3 4:23;83.96
2022/4/3 4:24;84.85
2022/4/3 4:25;83.45
2022/4/3 4:26;84.90
2022/4/3 4:27;84.64
2022/4/3 4:28;85.13
2022/4/3 4:29;85.83
2022/4/3 4:30;85.50
2022/4/3 4:31;84.82
2022/4/3 4:32;85.34
2022/4/3 4:33;85.09
2022/4/3 4:34;85.03
2022/4/3 4:35;85.42
2022/4/3 4:36;84.59
2022/4/3 4:37;84.61
2022/4/3 4:38;84.32
2022/4/3 4:39;85.84
2022/4/3 4:40;86.32
2022/4/3 4:41;84.88
2022/4/3 4:42;85.58
2022/4/3 4:43;85.06
2022/4/3 4:44;85.99
2022/4/3 4:45;85.05
2022/4/3 4:46;86.14
2022/4/3 4:47;84.81
2022/4/3 4:48;85.39
2022/4/3 4:49;85.73
2022/4/3 4:50;86.26
2022/4/3 4:51;85.65
2022/4/3 4:52;85.23
2022/4/3 4:53;85.98
2022/4/3 4:54;84.71
2022/4/3 4:55;85.19
2022/4/3 4:56;84.43
2022/4/3 4:57;84.51
2022/4/3 4:58;84.86
2022/4/3 4:59;85.90
2022/4/3 5:00;86.69
2022/4/3 5:01;85.31
2022/4/3 5:02;86.06
2022/4/3 5:03;86.64
2022/4/3 5:04;87.98
2022/4/3 5:05;85.75
2022/4/3 5:06;85.84
2022/4/3 5:07;85.91
2022/4/3 5:08;85.28
2022/4/3 5:09;85.64
2022/4/3 5:10;87.32
2022/4/3 5:11;87.99
2022/4/3 5:12;85.11
2022/4/3 5:13;84.89
2022/4/3 5:14;85.10
2022/4/3 5:15;84.56
2022/4/3 5:16;84.81
2022/4/3 5:17;84.14
2022/4/3 5:18;85.29
2022/4/3 5:19;84.89
2022/4/3 5:20;85.95
2022/4/3 5:21;85.39
2022/4/3 5:22;85.35
2022/4/3 5:23;85.05
2022/4/3 5:24;85.14
2022/4/3 5:25;84.94
2022/4/3 5:26;85.45
2022/4/3 5:27;84.43
2022/4/3 5:28;84.98
2022/4/3 5:29;85.01
2022/4/3 5:30;85.23
2022/4/3 5:31;85.81
2022/4/3 5:32;84.87
2022/4/3 5:33;85.57
2022/4/3 5:34;84.26
2022/4/3 5:35;85.06
2022/4/3 5:36;84.99
2022/4/3 5:37;85.84
2022/4/3 5:38;84.93
2022/4/3 5:39;85.87
2022/4/3 5:40;86.05
2022/4/3 5:41;86.02
2022/4/3 5:42;85.11
2022/4/3 5:43;86.08
2022/4/3 5:44;86.52
2022/4/3 5:45;85.58
2022/4/3 5:46;85.58
2022/4/3 5:47;85.48
2022/4/3 5:48;85.01
2022/4/3 5:49;85.22
2022/4/3 5:50;85.21
2022/4/3 5:51;84.53
2022/4/3 5:52;84.80
2022/4/3 5:53;84.05
2022/4/3 5:54;85.28
2022/4/3 5:55;84.24
2022/4/3 5:56;85.28
2022/4/3 5:57;84.71
2022/4/3 5:58;85.11
2022/4/3 5:59;84.48
2022/4/3 6:00;85.32
2022/4/3 6:01;85.52
2022/4/3 6:02;86.10
2022/4/3 6:03;84.69
2022/4/3 6:04;84.69
2022/4/3 6:05;83.70
2022/4/3 6:06;85.23
2022/4/3 6:07;84.57
2022/4/3 6:08;84.02
2022/4/3 6:09;84.52
2022/4/3 6:10;84.70
2022/4/3 6:11;86.19
2022/4/3 6:12;85.45
2022/4/3 6:13;85.01
2022/4/3 6:14;84.33
2022/4/3 6:15;85.36
2022/4/3 6:16;84.96
2022/4/3 6:17;85.08
2022/4/3 6:18;84.49
2022/4/3 6:19;85.30
2022/4/3 6:20;84.75
2022/4/3 6:21;85.47
2022/4/3 6:22;84.78
2022/4/3 6:23;84.27
2022/4/3 6:24;84.58
2022/4/3 6:25;84.09
2022/4/3 6:26;84.46
2022/4/3 6:27;84.07
2022/4/3 6:28;85.24
2022/4/3 6:29;84.68
2022/4/3 6:30;85.09
2022/4/3 6:31;85.57
2022/4/3 6:32;86.48
2022/4/3 6:33;84.72
2022/4/3 6:34;84.55
2022/4/3 6:35;83.98
2022/4/3 6:36;84.70
2022/4/3 6:37;84.74
2022/4/3 6:38;84.16
2022/4/3 6:39;84.16
2022/4/3 6:40;84.45
2022/4/3 6:41;85.66
2022/4/3 6:42;85.72
2022/4/3 6:43;84.39
2022/4/3 6:44;84.89
2022/4/3 6:45;85.95
2022/4/3 6:46;85.14
2022/4/3 6:47;85.78
2022/4/3 6:48;85.46
2022/4/3 6:49;84.68
2022/4/3 6:50;84.71
2022/4/3 6:51;85.37
2022/4/3 6:52;85.50
2022/4/3 6:53;84.76
2022/4/3 6:54;84.71
2022/4/3 6:55;84.57
2022/4/3 6:56;83.85
2022/4/3 6:57;85.25
2022/4/3 6:58;85.48
2022/4/3 6:59;85.09
2022/4/3 7:00;85.32
2022/4/3 7:01;85.07
2022/4/3 7:02;85.62
2022/4/3 7:03;84.28
2022/4/3 7:04;84.35
2022/4/3 7:05;84.06
2022/4/3 7:06;83.67
2022/4/3 7:07;83.34
2022/4/3 7:08;83.85
2022/4/3 7:09;83.50
2022/4/3 7:10;84.26
2022/4/3 7:11;83.84
2022/4/3 7:12;84.50
2022/4/3 7:13;83.93
2022/4/3 7:14;84.08
2022/4/3 7:15;83.73
2022/4/3 7:16;83.92
2022/4/3 7:17;84.38
2022/4/3 7:18;84.66
2022/4/3 7:19;84.18
2022/4/3 7:20;84.17
2022/4/3 7:21;84.27
2022/4/3 7:22;84.90
2022/4/3 7:23;84.46
2022/4/3 7:24;83.47
2022/4/3 7:25;84.56
2022/4/3 7:26;84.30
2022/4/3 7:27;84.58
2022/4/3 7:28;84.56
2022/4/3 7:29;85.87
2022/4/3 7:30;84.25
2022/4/3 7:31;84.63
2022/4/3 7:32;85.09
2022/4/3 7:33;86.00
2022/4/3 7:34;84.95
2022/4/3 7:35;85.17
2022/4/3 7:36;82.97
2022/4/3 7:37;84.15
2022/4/3 7:38;84.27
2022/4/3 7:39;84.49
2022/4/3 7:40;84.10
2022/4/3 7:41;83.91
2022/4/3 7:42;84.84
2022/4/3 7:43;85.03
2022/4/3 7:44;83.97
2022/4/3 7:45;83.30
2022/4/3 7:46;83.99
2022/4/3 7:47;83.50
2022/4/3 7:48;83.54
2022/4/3 7:49;83.22
2022/4/3 7:50;83.31
2022/4/3 7:51;82.66
2022/4/3 7:52;84.49
2022/4/3 7:53;83.54
2022/4/3 7:54;83.61
2022/4/3 7:55;82.83
2022/4/3 7:56;82.92
2022/4/3 7:57;83.72
2022/4/3 7:58;83.11
2022/4/3 7:59;84.64
2022/4/3 8:00;84.41
2022/4/3 8:01;84.86
2022/4/3 8:02;84.90
2022/4/3 8:03;85.37
2022/4/3 8:04;84.80
2022/4/3 8:05;84.20
2022/4/3 8:06;84.36
2022/4/3 8:07;84.64
2022/4/3 8:08;83.25
2022/4/3 8:09;83.18
2022/4/3 8:10;82.50
2022/4/3 8:11;83.93
2022/4/3 8:12;83.64
2022/4/3 8:13;84.93
2022/4/3 8:14;85.80
2022/4/3 8:15;82.68
2022/4/3 8:16;84.32
2022/4/3 8:17;84.24
2022/4/3 8:18;84.48
2022/4/3 8:19;83.78
2022/4/3 8:20;83.70
2022/4/3 8:21;83.46
2022/4/3 8:22;84.55
2022/4/3 8:23;84.25
2022/4/3 8:24;85.63
2022/4/3 8:25;83.07
2022/4/3 8:26;83.70
2022/4/3 8:27;83.15
2022/4/3 8:28;84.09
2022/4/3 8:29;83.62
2022/4/3 8:30;84.35
2022/4/3 8:31;84.16
2022/4/3 8:32;84.86
2022/4/3 8:33;84.78
2022/4/3 8:34;85.61
2022/4/3 8:35;83.72
2022/4/3 8:36;83.58
2022/4/3 8:37;84.47
2022/4/3 8:38;84.33
2022/4/3 8:39;84.83
2022/4/3 8:40;84.78
2022/4/3 8:41;84.08
2022/4/3 8:42;84.49
2022/4/3 8:43;84.45
2022/4/3 8:44;85.03
2022/4/3 8:45;84.13
2022/4/3 8:46;83.45
2022/4/3 8:47;83.51
2022/4/3 8:48;84.11
2022/4/3 8:49;87.80
2022/4/3 8:50;86.87
2022/4/3 8:51;84.05
2022/4/3 8:52;83.52
2022/4/3 8:53;83.34
2022/4/3 8:54;84.08
2022/4/3 8:55;83.50
2022/4/3 8:56;83.57
2022/4/3 8:57;83.42
2022/4/3 8:58;83.84
2022/4/3 8:59;82.94
2022/4/3 9:00;83.74
2022/4/3 9:01;82.69
2022/4/3 9:02;83.99
2022/4/3 9:03;83.93
2022/4/3 9:04;85.04
2022/4/3 9:05;84.16
2022/4/3 9:06;84.66
2022/4/3 9:07;84.07
2022/4/3 9:08;84.09
2022/4/3 9:09;84.06
2022/4/3 9:10;84.24
2022/4/3 9:11;83.40
2022/4/3 9:12;82.82
2022/4/3 9:13;82.48
2022/4/3 9:14;83.98
2022/4/3 9:15;83.60
2022/4/3 9:16;82.90
2022/4/3 9:17;82.32
2022/4/3 9:18;83.12
2022/4/3 9:19;83.98
2022/4/3 9:20;85.70
2022/4/3 9:21;83.67
2022/4/3 9:22;84.00
2022/4/3 9:23;84.24
2022/4/3 9:24;91.37
2022/4/3 9:25;91.46
2022/4/3 9:26;89.86
2022/4/3 9:27;90.71
2022/4/3 9:28;89.80
2022/4/3 9:29;90.50
2022/4/3 9:30;90.12
2022/4/3 9:31;90.23
2022/4/3 9:32;90.57
2022/4/3 9:33;90.48
2022/4/3 9:34;90.38
2022/4/3 9:35;89.86
2022/4/3 9:36;89.23
2022/4/3 9:37;89.51
2022/4/3 9:38;89.67
2022/4/3 9:39;89.96
2022/4/3 9:40;91.12
2022/4/3 9:41;90.64
2022/4/3 9:42;90.51
2022/4/3 9:43;91.22
2022/4/3 9:44;91.36
2022/4/3 9:45;91.42
2022/4/3 9:46;97.92
2022/4/3 9:47;112.07
2022/4/3 9:48;113.86
2022/4/3 9:49;106.12
2022/4/3 9:50;115.28
2022/4/3 9:51;107.56
2022/4/3 9:52;107.31
2022/4/3 9:53;107.35
2022/4/3 9:54;94.66
2022/4/3 9:55;104.63
2022/4/3 9:56;110.46
2022/4/3 9:57;87.49
2022/4/3 9:58;108.53
2022/4/3 9:59;107.65
2022/4/3 10:00;90.30
2022/4/3 10:01;93.96
2022/4/3 10:02;103.53
2022/4/3 10:03;114.95
2022/4/3 10:04;96.23
2022/4/3 10:05;95.35
2022/4/3 10:06;88.80
2022/4/3 10:07;99.02
2022/4/3 10:08;111.42
2022/4/3 10:09;92.24
2022/4/3 10:10;89.92
2022/4/3 10:11;91.54
2022/4/3 10:12;91.79
2022/4/3 10:13;91.77
2022/4/3 10:14;92.36
2022/4/3 10:15;93.58
2022/4/3 10:16;93.14
2022/4/3 10:17;92.47
2022/4/3 10:18;92.44
2022/4/3 10:19;85.37
2022/4/3 10:20;88.16
2022/4/3 10:21;86.86
2022/4/3 10:22;85.65
2022/4/3 10:23;85.99
2022/4/3 10:24;87.84
2022/4/3 10:25;87.46
2022/4/3 10:26;85.60
2022/4/3 10:27;85.03
2022/4/3 10:28;85.17
2022/4/3 10:29;85.17
2022/4/3 10:30;84.13
2022/4/3 10:31;85.07
2022/4/3 10:32;83.87
2022/4/3 10:33;84.09
2022/4/3 10:34;85.20
2022/4/3 10:35;84.91
2022/4/3 10:36;103.73
2022/4/3 10:37;108.31
2022/4/3 10:38;87.40
2022/4/3 10:39;103.61
2022/4/3 10:40;108.23
2022/4/3 10:41;89.93
2022/4/3 10:42;109.65
2022/4/3 10:43;99.43
2022/4/3 10:44;92.76
2022/4/3 10:45;109.98
2022/4/3 10:46;94.88
2022/4/3 10:47;81.56
2022/4/3 10:48;82.85
2022/4/3 10:49;85.47
2022/4/3 10:50;84.06
2022/4/3 10:51;82.81
2022/4/3 10:52;83.66
2022/4/3 10:53;83.35
2022/4/3 10:54;83.75
2022/4/3 10:55;83.67
2022/4/3 10:56;85.05
2022/4/3 10:57;82.29
2022/4/3 10:58;83.51
2022/4/3 10:59;83.88
2022/4/3 11:00;83.64
2022/4/3 11:01;84.09
2022/4/3 11:02;83.36
2022/4/3 11:03;83.26
2022/4/3 11:04;83.51
2022/4/3 11:05;83.77
2022/4/3 11:06;84.62
2022/4/3 11:07;84.13
2022/4/3 11:08;84.18
2022/4/3 11:09;84.79
2022/4/3 11:10;83.74
2022/4/3 11:11;83.47
2022/4/3 11:12;83.99
2022/4/3 11:13;83.95
2022/4/3 11:14;82.99
2022/4/3 11:15;83.22
2022/4/3 11:16;83.88
2022/4/3 11:17;83.25
2022/4/3 11:18;82.97
2022/4/3 11:19;83.05
2022/4/3 11:20;82.88
2022/4/3 11:21;82.84
2022/4/3 11:22;83.35
2022/4/3 11:23;82.80
2022/4/3 11:24;83.23
2022/4/3 11:25;83.89
2022/4/3 11:26;84.80
2022/4/3 11:27;84.00
2022/4/3 11:28;82.88
2022/4/3 11:29;82.63
2022/4/3 11:30;83.87
2022/4/3 11:31;83.43
2022/4/3 11:32;83.75
2022/4/3 11:33;84.42
2022/4/3 11:34;84.05
2022/4/3 11:35;83.58
2022/4/3 11:36;83.08
2022/4/3 11:37;83.78
2022/4/3 11:38;84.05
2022/4/3 11:39;83.51
2022/4/3 11:40;82.69
2022/4/3 11:41;83.01
2022/4/3 11:42;82.22
2022/4/3 11:43;82.51
2022/4/3 11:44;82.30
2022/4/3 11:45;82.76
2022/4/3 11:46;83.45
2022/4/3 11:47;82.83
2022/4/3 11:48;82.92
2022/4/3 11:49;83.09
2022/4/3 11:50;83.08
2022/4/3 11:51;83.37
2022/4/3 11:52;83.44
2022/4/3 11:53;82.44
2022/4/3 11:54;82.98
2022/4/3 11:55;82.97
2022/4/3 11:56;82.87
2022/4/3 11:57;83.76
2022/4/3 11:58;84.05
2022/4/3 11:59;83.07
2022/4/3 12:00;82.57
2022/4/3 12:01;83.44
2022/4/3 12:02;83.10
2022/4/3 12:03;82.46
2022/4/3 12:04;82.43
2022/4/3 12:05;82.29
2022/4/3 12:06;82.75
2022/4/3 12:07;83.49
2022/4/3 12:08;83.35
2022/4/3 12:09;82.58
2022/4/3 12:10;83.42
2022/4/3 12:11;83.58
2022/4/3 12:12;82.66
2022/4/3 12:13;82.69
2022/4/3 12:14;82.53
2022/4/3 12:15;82.88
2022/4/3 12:16;83.31
2022/4/3 12:17;82.76
2022/4/3 12:18;84.02
2022/4/3 12:19;85.45
2022/4/3 12:20;84.01
2022/4/3 12:21;82.75
2022/4/3 12:22;82.95
2022/4/3 12:23;83.30
2022/4/3 12:24;81.91
2022/4/3 12:25;82.29
2022/4/3 12:26;83.11
2022/4/3 12:27;83.28
2022/4/3 12:28;84.72
2022/4/3 12:29;83.29
2022/4/3 12:30;82.56
2022/4/3 12:31;83.15
2022/4/3 12:32;82.70
2022/4/3 12:33;82.25
2022/4/3 12:34;83.47
2022/4/3 12:35;83.70
2022/4/3 12:36;82.94
2022/4/3 12:37;82.29
2022/4/3 12:38;82.21
2022/4/3 12:39;82.04
2022/4/3 12:40;81.62
2022/4/3 12:41;82.01
2022/4/3 12:42;82.68
2022/4/3 12:43;82.20
2022/4/3 12:44;82.77
2022/4/3 12:45;83.28
2022/4/3 12:46;82.67
2022/4/3 12:47;82.83
2022/4/3 12:48;82.51
2022/4/3 12:49;82.56
2022/4/3 12:50;82.70
2022/4/3 12:51;83.38
2022/4/3 12:52;83.97
2022/4/3 12:53;83.38
2022/4/3 12:54;83.57
2022/4/3 12:55;83.90
2022/4/3 12:56;83.12
2022/4/3 12:57;83.16
2022/4/3 12:58;84.18
2022/4/3 12:59;83.87
2022/4/3 13:00;82.64
2022/4/3 13:01;82.52
2022/4/3 13:02;83.33
2022/4/3 13:03;84.75
2022/4/3 13:04;82.71
2022/4/3 13:05;82.00
2022/4/3 13:06;83.00
2022/4/3 13:07;82.67
2022/4/3 13:08;87.43
2022/4/3 13:09;88.64
2022/4/3 13:10;88.40
2022/4/3 13:11;86.31
2022/4/3 13:12;81.41
2022/4/3 13:13;83.14
2022/4/3 13:14;82.48
2022/4/3 13:15;82.36
2022/4/3 13:16;82.35
2022/4/3 13:17;82.95
2022/4/3 13:18;82.71
2022/4/3 13:19;82.44
2022/4/3 13:20;81.67
2022/4/3 13:21;82.63
2022/4/3 13:22;82.36
2022/4/3 13:23;84.06
2022/4/3 13:24;82.94
2022/4/3 13:25;83.28
2022/4/3 13:26;82.75
2022/4/3 13:27;81.47
2022/4/3 13:28;83.01
2022/4/3 13:29;83.51
2022/4/3 13:30;83.33
2022/4/3 13:31;83.56
2022/4/3 13:32;83.34
2022/4/3 13:33;83.09
2022/4/3 13:34;82.30
2022/4/3 13:35;83.30
2022/4/3 13:36;83.82
2022/4/3 13:37;82.35
2022/4/3 13:38;83.18
2022/4/3 13:39;82.79
2022/4/3 13:40;82.82
2022/4/3 13:41;82.86
2022/4/3 13:42;82.42
2022/4/3 13:43;82.25
2022/4/3 13:44;82.62
2022/4/3 13:45;82.57
2022/4/3 13:46;82.71
2022/4/3 13:47;82.59
2022/4/3 13:48;83.03
2022/4/3 13:49;82.97
2022/4/3 13:50;83.60
2022/4/3 13:51;82.38
2022/4/3 13:52;83.47
2022/4/3 13:53;82.13
2022/4/3 13:54;82.94
2022/4/3 13:55;82.73
2022/4/3 13:56;82.89
2022/4/3 13:57;82.83
2022/4/3 13:58;84.43
2022/4/3 13:59;83.85
2022/4/3 14:00;83.72
2022/4/3 14:01;83.69
2022/4/3 14:02;83.76
2022/4/3 14:03;84.50
2022/4/3 14:04;83.93
2022/4/3 14:05;82.72
2022/4/3 14:06;83.47
2022/4/3 14:07;83.49
2022/4/3 14:08;83.43
2022/4/3 14:09;83.79
2022/4/3 14:10;83.44
2022/4/3 14:11;83.66
2022/4/3 14:12;83.12
2022/4/3 14:13;83.56
2022/4/3 14:14;83.26
2022/4/3 14:15;83.54
2022/4/3 14:16;82.86
2022/4/3 14:17;83.62
2022/4/3 14:18;83.00
2022/4/3 14:19;84.08
2022/4/3 14:20;83.85
2022/4/3 14:21;83.03
2022/4/3 14:22;83.47
2022/4/3 14:23;83.55
2022/4/3 14:24;82.94
2022/4/3 14:25;83.74
2022/4/3 14:26;83.37
2022/4/3 14:27;84.64
2022/4/3 14:28;85.75
2022/4/3 14:29;89.93
2022/4/3 14:30;85.75
2022/4/3 14:31;85.68
2022/4/3 14:32;83.07
2022/4/3 14:33;83.91
2022/4/3 14:34;88.49
2022/4/3 14:35;87.17
2022/4/3 14:36;85.31
2022/4/3 14:37;83.07
2022/4/3 14:38;83.54
2022/4/3 14:39;82.77
2022/4/3 14:40;86.51
2022/4/3 14:41;88.10
2022/4/3 14:42;87.24
2022/4/3 14:43;88.27
2022/4/3 14:44;86.16
2022/4/3 14:45;84.97
2022/4/3 14:46;84.51
2022/4/3 14:47;82.59
2022/4/3 14:48;83.69
2022/4/3 14:49;83.61
2022/4/3 14:50;84.20
2022/4/3 14:51;87.94
2022/4/3 14:52;87.20
2022/4/3 14:53;87.42
2022/4/3 14:54;86.96
2022/4/3 14:55;87.48
2022/4/3 14:56;86.76
2022/4/3 14:57;87.16
2022/4/3 14:58;86.52
2022/4/3 14:59;87.52
2022/4/3 15:00;88.94
2022/4/3 15:01;88.46
2022/4/3 15:02;88.84
2022/4/3 15:03;87.42
2022/4/3 15:04;82.75
2022/4/3 15:05;84.35
2022/4/3 15:06;83.97
2022/4/3 15:07;84.27
2022/4/3 15:08;86.44
2022/4/3 15:09;87.82
2022/4/3 15:10;87.66
2022/4/3 15:11;84.21
2022/4/3 15:12;83.04
2022/4/3 15:13;83.57
2022/4/3 15:14;84.10
2022/4/3 15:15;83.14
2022/4/3 15:16;81.11
2022/4/3 15:17;79.82
2022/4/3 15:18;79.98
2022/4/3 15:19;80.49
2022/4/3 15:20;80.43
2022/4/3 15:21;80.60
2022/4/3 15:22;79.70
2022/4/3 15:23;79.49
2022/4/3 15:24;80.74
2022/4/3 15:25;80.44
2022/4/3 15:26;80.57
2022/4/3 15:27;80.47
2022/4/3 15:28;80.40
2022/4/3 15:29;80.38
2022/4/3 15:30;80.90
2022/4/3 15:31;80.70
2022/4/3 15:32;80.31
2022/4/3 15:33;79.98
2022/4/3 15:34;80.01
2022/4/3 15:35;79.39
2022/4/3 15:36;80.60
2022/4/3 15:37;81.02
2022/4/3 15:38;80.80
2022/4/3 15:39;80.60
2022/4/3 15:40;80.99
2022/4/3 15:41;81.17
2022/4/3 15:42;81.02
2022/4/3 15:43;80.87
2022/4/3 15:44;81.28
2022/4/3 15:45;80.49
2022/4/3 15:46;80.80
2022/4/3 15:47;79.85
2022/4/3 15:48;80.40
2022/4/3 15:49;81.09
2022/4/3 15:50;80.48
2022/4/3 15:51;81.69
2022/4/3 15:52;82.79
2022/4/3 15:53;80.01
2022/4/3 15:54;80.61
2022/4/3 15:55;80.28
2022/4/3 15:56;80.37
2022/4/3 15:57;80.27
2022/4/3 15:58;80.09
2022/4/3 15:59;80.26
2022/4/3 16:00;80.24
2022/4/3 16:01;81.39
2022/4/3 16:02;81.79
2022/4/3 16:03;80.13
2022/4/3 16:04;80.45
2022/4/3 16:05;79.64
2022/4/3 16:06;80.28
2022/4/3 16:07;80.35
2022/4/3 16:08;80.25
2022/4/3 16:09;80.56
2022/4/3 16:10;80.71
2022/4/3 16:11;80.57
2022/4/3 16:12;80.76
2022/4/3 16:13;80.14
2022/4/3 16:14;80.98
2022/4/3 16:15;80.91
2022/4/3 16:16;81.00
2022/4/3 16:17;80.17
2022/4/3 16:18;80.73
2022/4/3 16:19;79.45
2022/4/3 16:20;79.62
2022/4/3 16:21;79.91
2022/4/3 16:22;80.54
2022/4/3 16:23;79.34
2022/4/3 16:24;80.22
2022/4/3 16:25;78.96
2022/4/3 16:26;80.28
2022/4/3 16:27;79.52
2022/4/3 16:28;80.08
2022/4/3 16:29;79.67
2022/4/3 16:30;80.30
2022/4/3 16:31;79.88
2022/4/3 16:32;80.34
2022/4/3 16:33;79.77
2022/4/3 16:34;80.17
2022/4/3 16:35;79.95
2022/4/3 16:36;80.34
2022/4/3 16:37;79.73
2022/4/3 16:38;80.05
2022/4/3 16:39;79.68
2022/4/3 16:40;80.13
2022/4/3 16:41;80.98
2022/4/3 16:42;81.28
2022/4/3 16:43;80.40
2022/4/3 16:44;80.37
2022/4/3 16:45;79.67
2022/4/3 16:46;80.85
2022/4/3 16:47;80.18
2022/4/3 16:48;80.71
2022/4/3 16:49;79.99
2022/4/3 16:50;79.99
2022/4/3 16:51;79.21
2022/4/3 16:52;80.65
2022/4/3 16:53;79.58
2022/4/3 16:54;80.20
2022/4/3 16:55;79.88
2022/4/3 16:56;79.60
2022/4/3 16:57;79.98
2022/4/3 16:58;80.05
2022/4/3 16:59;79.69
2022/4/3 17:00;79.50
2022/4/3 17:01;79.06
2022/4/3 17:02;80.88
2022/4/3 17:03;80.79
2022/4/3 17:04;80.03
2022/4/3 17:05;79.74
2022/4/3 17:06;80.18
2022/4/3 17:07;79.61
2022/4/3 17:08;79.74
2022/4/3 17:09;80.09
2022/4/3 17:10;79.55
2022/4/3 17:11;79.13
2022/4/3 17:12;80.45
2022/4/3 17:13;80.59
2022/4/3 17:14;81.00
2022/4/3 17:15;79.63
2022/4/3 17:16;80.49
2022/4/3 17:17;79.79
2022/4/3 17:18;80.08
2022/4/3 17:19;80.56
2022/4/3 17:20;79.70
2022/4/3 17:21;79.04
2022/4/3 17:22;79.75
2022/4/3 17:23;79.33
2022/4/3 17:24;79.26
2022/4/3 17:25;78.75
2022/4/3 17:26;78.84
2022/4/3 17:27;78.39
2022/4/3 17:28;78.92
2022/4/3 17:29;79.63
2022/4/3 17:30;78.49
2022/4/3 17:31;78.65
2022/4/3 17:32;78.58
2022/4/3 17:33;78.78
2022/4/3 17:34;77.99
2022/4/3 17:35;77.73
2022/4/3 17:36;78.29
2022/4/3 17:37;78.47
2022/4/3 17:38;78.25
2022/4/3 17:39;78.58
2022/4/3 17:40;78.58
2022/4/3 17:41;78.65
2022/4/3 17:42;78.34
2022/4/3 17:43;78.67
2022/4/3 17:44;78.38
2022/4/3 17:45;78.27
2022/4/3 17:46;79.39
2022/4/3 17:47;78.99
2022/4/3 17:48;78.61
2022/4/3 17:49;78.82
2022/4/3 17:50;78.43
2022/4/3 17:51;78.77
2022/4/3 17:52;81.36
2022/4/3 17:53;78.61
2022/4/3 17:54;79.64
2022/4/3 17:55;78.10
2022/4/3 17:56;78.67
2022/4/3 17:57;78.59
2022/4/3 17:58;79.05
2022/4/3 17:59;78.51
2022/4/3 18:00;78.03
2022/4/3 18:01;77.09
2022/4/3 18:02;78.58
2022/4/3 18:03;78.08
2022/4/3 18:04;78.80
2022/4/3 18:05;78.01
2022/4/3 18:06;77.96
2022/4/3 18:07;78.23
2022/4/3 18:08;78.49
2022/4/3 18:09;78.17
2022/4/3 18:10;78.32
2022/4/3 18:11;78.26
2022/4/3 18:12;77.93
2022/4/3 18:13;79.52
2022/4/3 18:14;78.84
2022/4/3 18:15;77.62
2022/4/3 18:16;78.16
2022/4/3 18:17;77.86
2022/4/3 18:18;77.65
2022/4/3 18:19;77.78
2022/4/3 18:20;77.72
2022/4/3 18:21;78.09
2022/4/3 18:22;77.60
2022/4/3 18:23;77.47
2022/4/3 18:24;79.18
2022/4/3 18:25;77.35
2022/4/3 18:26;78.15
2022/4/3 18:27;77.47
2022/4/3 18:28;78.29
2022/4/3 18:29;77.58
2022/4/3 18:30;78.47
2022/4/3 18:31;78.59
2022/4/3 18:32;78.74
2022/4/3 18:33;78.14
2022/4/3 18:34;78.88
2022/4/3 18:35;77.80
2022/4/3 18:36;78.19
2022/4/3 18:37;78.67
2022/4/3 18:38;79.18
2022/4/3 18:39;78.10
2022/4/3 18:40;78.51
2022/4/3 18:41;77.77
2022/4/3 18:42;78.87
2022/4/3 18:43;77.54
2022/4/3 18:44;78.76
2022/4/3 18:45;78.42
2022/4/3 18:46;77.75
2022/4/3 18:47;77.25
2022/4/3 18:48;77.34
2022/4/3 18:49;77.69
2022/4/3 18:50;78.32
2022/4/3 18:51;77.85
2022/4/3 18:52;77.78
2022/4/3 18:53;78.07
2022/4/3 18:54;78.32
2022/4/3 18:55;78.19
2022/4/3 18:56;78.32
2022/4/3 18:57;77.61
2022/4/3 18:58;78.68
2022/4/3 18:59;78.68
2022/4/3 19:00;78.31
2022/4/3 19:01;79.22
2022/4/3 19:02;78.99
2022/4/3 19:03;78.55
2022/4/3 19:04;79.57
2022/4/3 19:05;79.53
2022/4/3 19:06;78.00
2022/4/3 19:07;78.50
2022/4/3 19:08;77.93
2022/4/3 19:09;78.91
2022/4/3 19:10;78.64
2022/4/3 19:11;77.97
2022/4/3 19:12;78.91
2022/4/3 19:13;78.62
2022/4/3 19:14;78.98
2022/4/3 19:15;78.97
2022/4/3 19:16;78.18
2022/4/3 19:17;78.87
2022/4/3 19:18;78.20
2022/4/3 19:19;78.84
2022/4/3 19:20;77.95
2022/4/3 19:21;78.59
2022/4/3 19:22;79.22
2022/4/3 19:23;77.78
2022/4/3 19:24;78.93
2022/4/3 19:25;79.08
2022/4/3 19:26;79.50
2022/4/3 19:27;79.36
2022/4/3 19:28;78.73
2022/4/3 19:29;79.29
2022/4/3 19:30;77.44
2022/4/3 19:31;78.66
2022/4/3 19:32;78.30
2022/4/3 19:33;79.15
2022/4/3 19:34;78.92
2022/4/3 19:35;78.90
2022/4/3 19:36;79.28
2022/4/3 19:37;77.82
2022/4/3 19:38;80.35
2022/4/3 19:39;79.81
2022/4/3 19:40;78.69
2022/4/3 19:41;79.40
2022/4/3 19:42;78.17
2022/4/3 19:43;79.19
2022/4/3 19:44;78.13
2022/4/3 19:45;79.07
2022/4/3 19:46;78.49
2022/4/3 19:47;78.77
2022/4/3 19:48;79.27
2022/4/3 19:49;78.47
2022/4/3 19:50;79.80
2022/4/3 19:51;77.87
2022/4/3 19:52;78.55
2022/4/3 19:53;78.06
2022/4/3 19:54;78.21
2022/4/3 19:55;79.77
2022/4/3 19:56;78.02
2022/4/3 19:57;79.10
2022/4/3 19:58;77.88
2022/4/3 19:59;78.56
2022/4/3 20:00;78.73
2022/4/3 20:01;78.91
2022/4/3 20:02;78.91
2022/4/3 20:03;78.22
2022/4/3 20:04;79.81
2022/4/3 20:05;78.94
2022/4/3 20:06;80.29
2022/4/3 20:07;78.93
2022/4/3 20:08;79.18
2022/4/3 20:09;79.85
2022/4/3 20:10;79.43
2022/4/3 20:11;79.54
2022/4/3 20:12;79.57
2022/4/3 20:13;79.47
2022/4/3 20:14;78.76
2022/4/3 20:15;79.54
2022/4/3 20:16;79.95
2022/4/3 20:17;78.86
2022/4/3 20:18;82.20
2022/4/3 20:19;78.25
2022/4/3 20:20;80.12
2022/4/3 20:21;78.93
2022/4/3 20:22;79.55
2022/4/3 20:23;80.41
2022/4/3 20:24;86.42
2022/4/3 20:25;105.55
2022/4/3 20:26;97.92
2022/4/3 20:27;85.70
2022/4/3 20:28;104.19
2022/4/3 20:29;90.44
2022/4/3 20:30;93.55
2022/4/3 20:31;104.41
2022/4/3 20:32;84.37
2022/4/3 20:33;100.01
2022/4/3 20:34;105.54
2022/4/3 20:35;82.66
2022/4/3 20:36;84.73
2022/4/3 20:37;100.58
2022/4/3 20:38;106.06
2022/4/3 20:39;86.62
2022/4/3 20:40;101.99
2022/4/3 20:41;104.04
2022/4/3 20:42;84.06
2022/4/3 20:43;103.24
2022/4/3 20:44;100.90
2022/4/3 20:45;87.87
2022/4/3 20:46;106.81
2022/4/3 20:47;91.83
2022/4/3 20:48;96.37
2022/4/3 20:49;102.97
2022/4/3 20:50;86.15
2022/4/3 20:51;100.92
2022/4/3 20:52;104.13
2022/4/3 20:53;82.93
2022/4/3 20:54;104.07
2022/4/3 20:55;99.27
2022/4/3 20:56;78.43
2022/4/3 20:57;77.73
2022/4/3 20:58;81.38
2022/4/3 20:59;81.06
2022/4/3 21:00;81.44
2022/4/3 21:01;79.52
2022/4/3 21:02;80.27
2022/4/3 21:03;79.94
2022/4/3 21:04;79.19
2022/4/3 21:05;79.45
2022/4/3 21:06;80.05
2022/4/3 21:07;80.02
2022/4/3 21:08;80.77
2022/4/3 21:09;80.06
2022/4/3 21:10;80.33
2022/4/3 21:11;80.56
2022/4/3 21:12;80.00
2022/4/3 21:13;78.98
2022/4/3 21:14;79.83
2022/4/3 21:15;79.03
2022/4/3 21:16;80.78
2022/4/3 21:17;80.35
2022/4/3 21:18;80.05
2022/4/3 21:19;79.38
2022/4/3 21:20;79.44
2022/4/3 21:21;79.40
2022/4/3 21:22;79.57
2022/4/3 21:23;80.21
2022/4/3 21:24;79.11
2022/4/3 21:25;78.63
2022/4/3 21:26;78.85
2022/4/3 21:27;79.60
2022/4/3 21:28;80.12
2022/4/3 21:29;78.56
2022/4/3 21:30;79.33
2022/4/3 21:31;78.89
2022/4/3 21:32;79.23
2022/4/3 21:33;79.02
2022/4/3 21:34;80.01
2022/4/3 21:35;78.69
2022/4/3 21:36;80.08
2022/4/3 21:37;79.78
2022/4/3 21:38;79.55
2022/4/3 21:39;79.05
2022/4/3 21:40;79.10
2022/4/3 21:41;80.91
2022/4/3 21:42;78.91
2022/4/3 21:43;79.64
2022/4/3 21:44;79.17
2022/4/3 21:45;79.39
2022/4/3 21:46;79.58
2022/4/3 21:47;80.26
2022/4/3 21:48;79.95
2022/4/3 21:49;79.23
2022/4/3 21:50;79.54
2022/4/3 21:51;78.93
2022/4/3 21:52;79.60
2022/4/3 21:53;78.43
2022/4/3 21:54;78.93
2022/4/3 21:55;78.61
2022/4/3 21:56;79.37
2022/4/3 21:57;79.35
2022/4/3 21:58;79.88
2022/4/3 21:59;78.89
2022/4/3 22:00;79.05
2022/4/3 22:01;79.24
2022/4/3 22:02;78.80
2022/4/3 22:03;78.49
2022/4/3 22:04;77.75
2022/4/3 22:05;79.07
2022/4/3 22:06;78.30
2022/4/3 22:07;80.20
2022/4/3 22:08;79.72
2022/4/3 22:09;78.57
2022/4/3 22:10;79.98
2022/4/3 22:11;79.48
2022/4/3 22:12;79.34
2022/4/3 22:13;78.80
2022/4/3 22:14;79.53
2022/4/3 22:15;79.38
2022/4/3 22:16;79.80
2022/4/3 22:17;80.17
2022/4/3 22:18;80.05
2022/4/3 22:19;79.69
2022/4/3 22:20;78.67
2022/4/3 22:21;79.38
2022/4/3 22:22;79.60
2022/4/3 22:23;78.89
2022/4/3 22:24;79.38
2022/4/3 22:25;79.05
2022/4/3 22:26;79.70
2022/4/3 22:27;79.20
2022/4/3 22:28;79.53
2022/4/3 22:29;79.43
2022/4/3 22:30;80.14
2022/4/3 22:31;78.94
2022/4/3 22:32;80.62
2022/4/3 22:33;79.40
2022/4/3 22:34;78.72
2022/4/3 22:35;78.73
2022/4/3 22:36;80.20
2022/4/3 22:37;79.57
2022/4/3 22:38;79.17
2022/4/3 22:39;80.94
2022/4/3 22:40;78.56
2022/4/3 22:41;81.31
2022/4/3 22:42;78.23
2022/4/3 22:43;79.03
2022/4/3 22:44;78.76
2022/4/3 22:45;78.99
2022/4/3 22:46;78.79
2022/4/3 22:47;78.84
2022/4/3 22:48;80.17
2022/4/3 22:49;79.33
2022/4/3 22:50;79.13
2022/4/3 22:51;78.99
2022/4/3 22:52;78.91
2022/4/3 22:53;79.22
2022/4/3 22:54;78.81
2022/4/3 22:55;78.91
2022/4/3 22:56;78.66
2022/4/3 22:57;79.42
2022/4/3 22:58;78.99
2022/4/3 22:59;79.85
2022/4/3 23:00;79.44
2022/4/3 23:01;78.77
2022/4/3 23:02;79.45
2022/4/3 23:03;78.28
2022/4/3 23:04;79.65
2022/4/3 23:05;79.17
2022/4/3 23:06;79.55
2022/4/3 23:07;79.64
2022/4/3 23:08;78.65
2022/4/3 23:09;79.97
2022/4/3 23:10;78.69
2022/4/3 23:11;80.69
2022/4/3 23:12;79.29
2022/4/3 23:13;79.72
2022/4/3 23:14;79.81
2022/4/3 23:15;78.39
2022/4/3 23:16;79.99
2022/4/3 23:17;78.93
2022/4/3 23:18;79.95
2022/4/3 23:19;79.75
2022/4/3 23:20;78.73
2022/4/3 23:21;79.20
2022/4/3 23:22;78.96
2022/4/3 23:23;79.72
2022/4/3 23:24;78.58
2022/4/3 23:25;79.29
2022/4/3 23:26;79.34
2022/4/3 23:27;78.81
2022/4/3 23:28;79.16
2022/4/3 23:29;79.16
2022/4/3 23:30;79.50
2022/4/3 23:31;78.38
2022/4/3 23:32;78.93
2022/4/3 23:33;78.58
2022/4/3 23:34;78.43
2022/4/3 23:35;79.21
2022/4/3 23:36;79.18
2022/4/3 23:37;79.46
2022/4/3 23:38;79.22
2022/4/3 23:39;80.70
2022/4/3 23:40;79.57
2022/4/3 23:41;78.40
2022/4/3 23:42;80.02
2022/4/3 23:43;79.89
2022/4/3 23:44;78.96
2022/4/3 23:45;79.41
2022/4/3 23:46;78.67
2022/4/3 23:47;78.61
2022/4/3 23:48;78.89
2022/4/3 23:49;80.41
2022/4/3 23:50;79.39
2022/4/3 23:51;78.85
2022/4/3 23:52;78.98
2022/4/3 23:53;78.96
2022/4/3 23:54;79.25
2022/4/3 23:55;78.11
2022/4/3 23:56;79.18
2022/4/3 23:57;78.36
2022/4/3 23:58;78.46
2022/4/3 23:59;78.29
2022/4/4 0:00;78.75
2022/4/4 0:01;78.17
2022/4/4 0:02;78.87
2022/4/4 0:03;78.69
2022/4/4 0:04;78.48
2022/4/4 0:05;79.16
2022/4/4 0:06;79.09
2022/4/4 0:07;79.36
2022/4/4 0:08;79.39
2022/4/4 0:09;79.17
2022/4/4 0:10;79.84
2022/4/4 0:11;79.01
2022/4/4 0:12;78.65
2022/4/4 0:13;78.18
2022/4/4 0:14;79.14
2022/4/4 0:15;79.16
2022/4/4 0:16;79.86
2022/4/4 0:17;78.82
2022/4/4 0:18;79.42
2022/4/4 0:19;79.23
2022/4/4 0:20;79.10
2022/4/4 0:21;79.74
2022/4/4 0:22;78.77
2022/4/4 0:23;79.21
2022/4/4 0:24;79.35
2022/4/4 0:25;78.68
2022/4/4 0:26;78.95
2022/4/4 0:27;78.31
2022/4/4 0:28;78.69
2022/4/4 0:29;79.24
2022/4/4 0:30;78.82
2022/4/4 0:31;79.77
2022/4/4 0:32;77.94
2022/4/4 0:33;78.98
2022/4/4 0:34;78.51
2022/4/4 0:35;78.01
2022/4/4 0:36;78.34
2022/4/4 0:37;78.48
2022/4/4 0:38;78.63
2022/4/4 0:39;78.41
2022/4/4 0:40;82.95
2022/4/4 0:41;81.46
2022/4/4 0:42;81.48
2022/4/4 0:43;81.86
2022/4/4 0:44;79.37
2022/4/4 0:45;78.93
2022/4/4 0:46;78.45
2022/4/4 0:47;79.42
2022/4/4 0:48;78.46
2022/4/4 0:49;78.88
2022/4/4 0:50;78.30
2022/4/4 0:51;78.79
2022/4/4 0:52;78.88
2022/4/4 0:53;79.07
2022/4/4 0:54;79.80
2022/4/4 0:55;79.08
2022/4/4 0:56;79.36
2022/4/4 0:57;79.42
2022/4/4 0:58;78.32
2022/4/4 0:59;78.93
2022/4/4 1:00;79.18
2022/4/4 1:01;80.32
2022/4/4 1:02;79.04
2022/4/4 1:03;79.17
2022/4/4 1:04;78.52
2022/4/4 1:05;78.65
2022/4/4 1:06;78.28
2022/4/4 1:07;78.77
2022/4/4 1:08;79.01
2022/4/4 1:09;78.18
2022/4/4 1:10;79.61
2022/4/4 1:11;78.97
2022/4/4 1:12;78.90
2022/4/4 1:13;78.31
2022/4/4 1:14;78.73
2022/4/4 1:15;78.43
2022/4/4 1:16;79.49
2022/4/4 1:17;79.91
2022/4/4 1:18;80.05
2022/4/4 1:19;79.86
2022/4/4 1:20;79.71
2022/4/4 1:21;80.45
2022/4/4 1:22;79.65
2022/4/4 1:23;73.88
2022/4/4 1:24;55.19
2022/4/4 1:25;57.59
2022/4/4 1:26;56.78
2022/4/4 1:27;56.56
2022/4/4 1:28;56.12
2022/4/4 1:29;56.93
2022/4/4 1:30;56.94
2022/4/4 1:31;56.57
2022/4/4 1:32;56.88
2022/4/4 1:33;56.10
2022/4/4 1:34;56.97
2022/4/4 1:35;56.96
2022/4/4 1:36;57.37
2022/4/4 1:37;57.00
2022/4/4 1:38;56.88
2022/4/4 1:39;57.02
2022/4/4 1:40;56.09
2022/4/4 1:41;57.72
2022/4/4 1:42;57.46
2022/4/4 1:43;56.61
2022/4/4 1:44;62.27
2022/4/4 1:45;62.21
2022/4/4 1:46;62.91
2022/4/4 1:47;62.30
2022/4/4 1:48;61.05
2022/4/4 1:49;57.10
2022/4/4 1:50;59.39
2022/4/4 1:51;55.40
2022/4/4 1:52;57.50
2022/4/4 1:53;54.06
2022/4/4 1:54;56.78
2022/4/4 1:55;57.94
2022/4/4 1:56;57.25
2022/4/4 1:57;58.63
2022/4/4 1:58;64.22
2022/4/4 1:59;55.25
2022/4/4 2:00;56.72
2022/4/4 2:01;56.49
2022/4/4 2:02;58.02
2022/4/4 2:03;55.65
2022/4/4 2:04;56.28
2022/4/4 2:05;55.92
2022/4/4 2:06;55.80
2022/4/4 2:07;56.94
2022/4/4 2:08;56.64
2022/4/4 2:09;56.69
2022/4/4 2:10;56.89
2022/4/4 2:11;57.81
2022/4/4 2:12;57.42
2022/4/4 2:13;57.02
2022/4/4 2:14;57.76
2022/4/4 2:15;57.69
2022/4/4 2:16;57.41
2022/4/4 2:17;56.82
2022/4/4 2:18;57.52
2022/4/4 2:19;62.04
2022/4/4 2:20;79.70
2022/4/4 2:21;77.12
2022/4/4 2:22;79.80
2022/4/4 2:23;78.74
2022/4/4 2:24;60.31
2022/4/4 2:25;56.75
2022/4/4 2:26;56.48
2022/4/4 2:27;57.40
2022/4/4 2:28;57.64
2022/4/4 2:29;57.72
2022/4/4 2:30;57.37
2022/4/4 2:31;57.29
2022/4/4 2:32;58.14
2022/4/4 2:33;57.92
2022/4/4 2:34;57.34
2022/4/4 2:35;57.49
2022/4/4 2:36;57.12
2022/4/4 2:37;57.15
2022/4/4 2:38;57.28
2022/4/4 2:39;57.01
2022/4/4 2:40;56.75
2022/4/4 2:41;59.36
2022/4/4 2:42;57.01
2022/4/4 2:43;56.66
2022/4/4 2:44;56.53
2022/4/4 2:45;55.51
2022/4/4 2:46;56.63
2022/4/4 2:47;56.11
2022/4/4 2:48;56.33
2022/4/4 2:49;56.01
2022/4/4 2:50;55.26
2022/4/4 2:51;55.61
2022/4/4 2:52;57.09
2022/4/4 2:53;58.67
2022/4/4 2:54;62.78
2022/4/4 2:55;62.24
2022/4/4 2:56;58.51
2022/4/4 2:57;54.45
2022/4/4 2:58;54.06
2022/4/4 2:59;52.92
2022/4/4 3:00;53.90
2022/4/4 3:01;53.49
2022/4/4 3:02;53.78
2022/4/4 3:03;55.01
2022/4/4 3:04;54.65
2022/4/4 3:05;53.88
2022/4/4 3:06;54.81
2022/4/4 3:07;55.22
2022/4/4 3:08;54.39
2022/4/4 3:09;54.39
2022/4/4 3:10;54.51
2022/4/4 3:11;54.03
2022/4/4 3:12;54.26
2022/4/4 3:13;54.11
2022/4/4 3:14;53.72
2022/4/4 3:15;52.90
2022/4/4 3:16;53.92
2022/4/4 3:17;54.08
2022/4/4 3:18;54.19
2022/4/4 3:19;55.19
2022/4/4 3:20;55.49
2022/4/4 3:21;53.85
2022/4/4 3:22;54.87
2022/4/4 3:23;55.69
2022/4/4 3:24;54.73
2022/4/4 3:25;54.36
2022/4/4 3:26;55.25
2022/4/4 3:27;54.26
2022/4/4 3:28;55.23
2022/4/4 3:29;55.28
2022/4/4 3:30;55.26
2022/4/4 3:31;54.28
2022/4/4 3:32;65.36
2022/4/4 3:33;78.24
2022/4/4 3:34;75.78
2022/4/4 3:35;77.14
2022/4/4 3:36;76.55
2022/4/4 3:37;76.65
2022/4/4 3:38;77.06
2022/4/4 3:39;76.92
2022/4/4 3:40;76.23
2022/4/4 3:41;77.61
2022/4/4 3:42;76.25
2022/4/4 3:43;77.89
2022/4/4 3:44;77.52
2022/4/4 3:45;77.48
2022/4/4 3:46;77.41
2022/4/4 3:47;77.06
2022/4/4 3:48;77.54
2022/4/4 3:49;76.58
2022/4/4 3:50;77.04
2022/4/4 3:51;77.02
2022/4/4 3:52;75.56
2022/4/4 3:53;76.75
2022/4/4 3:54;77.45
2022/4/4 3:55;75.60
2022/4/4 3:56;76.57
2022/4/4 3:57;76.31
2022/4/4 3:58;75.98
2022/4/4 3:59;76.88
2022/4/4 4:00;76.74
2022/4/4 4:01;76.43
2022/4/4 4:02;76.71
2022/4/4 4:03;76.94
2022/4/4 4:04;76.92
2022/4/4 4:05;76.79
2022/4/4 4:06;78.31
2022/4/4 4:07;76.95
2022/4/4 4:08;77.03
2022/4/4 4:09;77.22
2022/4/4 4:10;77.89
2022/4/4 4:11;77.40
2022/4/4 4:12;77.53
2022/4/4 4:13;75.58
2022/4/4 4:14;76.43
2022/4/4 4:15;75.32
2022/4/4 4:16;75.65
2022/4/4 4:17;75.54
2022/4/4 4:18;76.36
2022/4/4 4:19;76.41
2022/4/4 4:20;75.29
2022/4/4 4:21;75.83
2022/4/4 4:22;76.11
2022/4/4 4:23;75.75
2022/4/4 4:24;76.91
2022/4/4 4:25;76.82
2022/4/4 4:26;75.59
2022/4/4 4:27;76.01
2022/4/4 4:28;75.34
2022/4/4 4:29;76.17
2022/4/4 4:30;75.92
2022/4/4 4:31;76.59
2022/4/4 4:32;76.11
2022/4/4 4:33;75.35
2022/4/4 4:34;77.21
2022/4/4 4:35;75.53
2022/4/4 4:36;76.10
2022/4/4 4:37;76.43
2022/4/4 4:38;76.81
2022/4/4 4:39;75.42
2022/4/4 4:40;75.49
2022/4/4 4:41;76.38
2022/4/4 4:42;75.84
2022/4/4 4:43;75.47
2022/4/4 4:44;76.08
2022/4/4 4:45;75.98
2022/4/4 4:46;75.26
2022/4/4 4:47;75.68
2022/4/4 4:48;75.72
2022/4/4 4:49;76.02
2022/4/4 4:50;75.44
2022/4/4 4:51;76.28
2022/4/4 4:52;75.38
2022/4/4 4:53;75.17
2022/4/4 4:54;76.51
2022/4/4 4:55;76.10
2022/4/4 4:56;75.48
2022/4/4 4:57;76.39
2022/4/4 4:58;76.39
2022/4/4 4:59;78.11
2022/4/4 5:00;76.37
2022/4/4 5:01;76.36
2022/4/4 5:02;77.14
2022/4/4 5:03;76.20
2022/4/4 5:04;77.50
2022/4/4 5:05;76.58
2022/4/4 5:06;76.33
2022/4/4 5:07;76.97
2022/4/4 5:08;77.53
2022/4/4 5:09;75.65
2022/4/4 5:10;77.28
2022/4/4 5:11;80.40
2022/4/4 5:12;76.04
2022/4/4 5:13;76.78
2022/4/4 5:14;77.50
2022/4/4 5:15;76.24
2022/4/4 5:16;75.69
2022/4/4 5:17;76.57
2022/4/4 5:18;75.54
2022/4/4 5:19;75.77
2022/4/4 5:20;74.95
2022/4/4 5:21;77.96
2022/4/4 5:22;76.93
2022/4/4 5:23;76.85
2022/4/4 5:24;76.57
2022/4/4 5:25;77.31
2022/4/4 5:26;76.66
2022/4/4 5:27;76.60
2022/4/4 5:28;76.54
2022/4/4 5:29;77.51
2022/4/4 5:30;77.28
2022/4/4 5:31;77.40
2022/4/4 5:32;77.68
2022/4/4 5:33;76.98
2022/4/4 5:34;77.47
2022/4/4 5:35;77.62
2022/4/4 5:36;78.36
2022/4/4 5:37;77.51
2022/4/4 5:38;77.05
2022/4/4 5:39;77.58
2022/4/4 5:40;77.28
2022/4/4 5:41;77.36
2022/4/4 5:42;77.25
2022/4/4 5:43;78.56
2022/4/4 5:44;78.24
2022/4/4 5:45;78.43
2022/4/4 5:46;78.03
2022/4/4 5:47;77.29
2022/4/4 5:48;76.66
2022/4/4 5:49;77.61
2022/4/4 5:50;77.37
2022/4/4 5:51;77.83
2022/4/4 5:52;78.21
2022/4/4 5:53;77.79
2022/4/4 5:54;77.32
2022/4/4 5:55;78.40
2022/4/4 5:56;78.60
2022/4/4 5:57;77.66
2022/4/4 5:58;76.97
2022/4/4 5:59;77.36
2022/4/4 6:00;77.60
2022/4/4 6:01;77.48
2022/4/4 6:02;77.15
2022/4/4 6:03;77.66
2022/4/4 6:04;77.87
2022/4/4 6:05;77.66
2022/4/4 6:06;78.18
2022/4/4 6:07;78.10
2022/4/4 6:08;78.33
2022/4/4 6:09;79.74
2022/4/4 6:10;78.00
2022/4/4 6:11;78.43
2022/4/4 6:12;78.24
2022/4/4 6:13;78.04
2022/4/4 6:14;78.93
2022/4/4 6:15;78.68
2022/4/4 6:16;78.47
2022/4/4 6:17;78.65
2022/4/4 6:18;78.80
2022/4/4 6:19;79.21
2022/4/4 6:20;78.42
2022/4/4 6:21;78.66
2022/4/4 6:22;78.77
2022/4/4 6:23;78.56
2022/4/4 6:24;78.47
2022/4/4 6:25;77.99
2022/4/4 6:26;79.29
2022/4/4 6:27;78.45
2022/4/4 6:28;78.61
2022/4/4 6:29;78.14
2022/4/4 6:30;78.89
2022/4/4 6:31;79.49
2022/4/4 6:32;79.49
2022/4/4 6:33;79.48
2022/4/4 6:34;84.81
2022/4/4 6:35;93.95
2022/4/4 6:36;93.86
2022/4/4 6:37;94.14
2022/4/4 6:38;94.08
2022/4/4 6:39;93.80
2022/4/4 6:40;94.04
2022/4/4 6:41;93.63
2022/4/4 6:42;95.59
2022/4/4 6:43;93.36
2022/4/4 6:44;94.05
2022/4/4 6:45;93.73
2022/4/4 6:46;94.52
2022/4/4 6:47;94.21
2022/4/4 6:48;93.57
2022/4/4 6:49;93.63
2022/4/4 6:50;93.06
2022/4/4 6:51;93.66
2022/4/4 6:52;92.64
2022/4/4 6:53;93.08
2022/4/4 6:54;92.73
2022/4/4 6:55;93.36
2022/4/4 6:56;93.15
2022/4/4 6:57;92.66
2022/4/4 6:58;111.33
2022/4/4 6:59;115.28
2022/4/4 7:00;100.53
2022/4/4 7:01;106.33
2022/4/4 7:02;117.42
2022/4/4 7:03;98.15
2022/4/4 7:04;109.35
2022/4/4 7:05;112.46
2022/4/4 7:06;87.12
2022/4/4 7:07;75.05
2022/4/4 7:08;81.19
2022/4/4 7:09;95.02
2022/4/4 7:10;105.34
2022/4/4 7:11;86.00
2022/4/4 7:12;80.41
2022/4/4 7:13;80.76
2022/4/4 7:14;81.27
2022/4/4 7:15;81.01
2022/4/4 7:16;81.40
2022/4/4 7:17;80.90
2022/4/4 7:18;80.69
2022/4/4 7:19;79.73
2022/4/4 7:20;80.30
2022/4/4 7:21;79.81
2022/4/4 7:22;91.44
2022/4/4 7:23;94.68
2022/4/4 7:24;93.96
2022/4/4 7:25;94.24
2022/4/4 7:26;94.34
2022/4/4 7:27;94.89
2022/4/4 7:28;94.45
2022/4/4 7:29;93.78
2022/4/4 7:30;93.86
2022/4/4 7:31;94.44
2022/4/4 7:32;97.81
2022/4/4 7:33;120.81
2022/4/4 7:34;111.34
2022/4/4 7:35;101.17
2022/4/4 7:36;115.05
2022/4/4 7:37;109.70
2022/4/4 7:38;108.84
2022/4/4 7:39;117.78
2022/4/4 7:40;103.66
2022/4/4 7:41;115.78
2022/4/4 7:42;103.58
2022/4/4 7:43;80.82
2022/4/4 7:44;80.57
2022/4/4 7:45;71.01
2022/4/4 7:46;89.07
2022/4/4 7:47;106.07
2022/4/4 7:48;86.12
2022/4/4 7:49;95.90
2022/4/4 7:50;97.90
2022/4/4 7:51;87.35
2022/4/4 7:52;95.33
2022/4/4 7:53;104.26
2022/4/4 7:54;80.50
2022/4/4 7:55;77.45
2022/4/4 7:56;78.28
2022/4/4 7:57;76.50
2022/4/4 7:58;79.69
2022/4/4 7:59;75.03
2022/4/4 8:00;79.32
2022/4/4 8:01;79.76
2022/4/4 8:02;78.97
2022/4/4 8:03;78.72
2022/4/4 8:04;78.28
2022/4/4 8:05;78.94
2022/4/4 8:06;79.06
2022/4/4 8:07;79.71
2022/4/4 8:08;79.71
2022/4/4 8:09;79.76
2022/4/4 8:10;78.89
2022/4/4 8:11;79.38
2022/4/4 8:12;79.00
2022/4/4 8:13;78.58
2022/4/4 8:14;79.99
2022/4/4 8:15;79.06
2022/4/4 8:16;79.75
2022/4/4 8:17;79.29
2022/4/4 8:18;80.45
2022/4/4 8:19;80.69
2022/4/4 8:20;79.77
2022/4/4 8:21;80.43
2022/4/4 8:22;80.23
2022/4/4 8:23;79.80
2022/4/4 8:24;79.97
2022/4/4 8:25;80.47
2022/4/4 8:26;80.08
2022/4/4 8:27;80.36
2022/4/4 8:28;81.09
2022/4/4 8:29;80.47
2022/4/4 8:30;80.14
2022/4/4 8:31;81.25
2022/4/4 8:32;80.31
2022/4/4 8:33;80.15
2022/4/4 8:34;79.81
2022/4/4 8:35;80.05
2022/4/4 8:36;80.77
2022/4/4 8:37;80.17
2022/4/4 8:38;80.58
2022/4/4 8:39;80.26
2022/4/4 8:40;78.83
2022/4/4 8:41;80.02
2022/4/4 8:42;80.15
2022/4/4 8:43;79.12
2022/4/4 8:44;83.38
2022/4/4 8:45;84.64
2022/4/4 8:46;82.61
2022/4/4 8:47;82.55
2022/4/4 8:48;82.86
2022/4/4 8:49;83.94
2022/4/4 8:50;83.15
2022/4/4 8:51;81.30
2022/4/4 8:52;83.01
2022/4/4 8:53;82.55
2022/4/4 8:54;85.52
2022/4/4 8:55;85.02
2022/4/4 8:56;85.82
2022/4/4 8:57;85.20
2022/4/4 8:58;86.95
2022/4/4 8:59;86.09
2022/4/4 9:00;86.28
2022/4/4 9:01;85.86
2022/4/4 9:02;86.51
2022/4/4 9:03;85.93
2022/4/4 9:04;85.72
2022/4/4 9:05;86.16
2022/4/4 9:06;86.07
2022/4/4 9:07;85.77
2022/4/4 9:08;85.97
2022/4/4 9:09;86.36
2022/4/4 9:10;86.94
2022/4/4 9:11;88.88
2022/4/4 9:12;89.00
2022/4/4 9:13;89.02
2022/4/4 9:14;88.90
2022/4/4 9:15;89.02
2022/4/4 9:16;88.69
2022/4/4 9:17;88.16
2022/4/4 9:18;87.80
2022/4/4 9:19;88.91
2022/4/4 9:20;88.05
2022/4/4 9:21;88.88
2022/4/4 9:22;87.75
2022/4/4 9:23;88.49
2022/4/4 9:24;87.53
2022/4/4 9:25;87.79
2022/4/4 9:26;88.18
2022/4/4 9:27;87.81
2022/4/4 9:28;87.85
2022/4/4 9:29;88.85
2022/4/4 9:30;88.90
2022/4/4 9:31;87.72
2022/4/4 9:32;87.90
2022/4/4 9:33;88.14
2022/4/4 9:34;88.35
2022/4/4 9:35;88.42
2022/4/4 9:36;88.23
2022/4/4 9:37;88.72
2022/4/4 9:38;88.32
2022/4/4 9:39;89.66
2022/4/4 9:40;91.89
2022/4/4 9:41;93.22
2022/4/4 9:42;92.58
2022/4/4 9:43;92.53
2022/4/4 9:44;92.32
2022/4/4 9:45;94.24
2022/4/4 9:46;94.22
2022/4/4 9:47;94.99
2022/4/4 9:48;94.62
2022/4/4 9:49;93.01
2022/4/4 9:50;93.48
2022/4/4 9:51;89.31
2022/4/4 9:52;98.36
2022/4/4 9:53;98.24
2022/4/4 9:54;99.11
2022/4/4 9:55;97.76
2022/4/4 9:56;98.64
2022/4/4 9:57;98.98
2022/4/4 9:58;98.51
2022/4/4 9:59;98.04
2022/4/4 10:00;98.87
2022/4/4 10:01;97.93
2022/4/4 10:02;98.97
2022/4/4 10:03;97.94
2022/4/4 10:04;98.91
2022/4/4 10:05;98.02
2022/4/4 10:06;98.85
2022/4/4 10:07;98.01
2022/4/4 10:08;98.28
2022/4/4 10:09;99.04
2022/4/4 10:10;99.65
2022/4/4 10:11;99.16
2022/4/4 10:12;97.86
2022/4/4 10:13;98.72
2022/4/4 10:14;98.48
2022/4/4 10:15;98.13
2022/4/4 10:16;99.01
2022/4/4 10:17;98.48
2022/4/4 10:18;98.18
2022/4/4 10:19;96.96
2022/4/4 10:20;89.72
2022/4/4 10:21;90.83
2022/4/4 10:22;89.97
2022/4/4 10:23;91.18
2022/4/4 10:24;90.76
2022/4/4 10:25;91.33
2022/4/4 10:26;90.26
2022/4/4 10:27;90.41
2022/4/4 10:28;90.41
2022/4/4 10:29;94.75
2022/4/4 10:30;98.44
2022/4/4 10:31;96.85
2022/4/4 10:32;96.54
2022/4/4 10:33;96.87
2022/4/4 10:34;97.10
2022/4/4 10:35;97.69
2022/4/4 10:36;98.45
2022/4/4 10:37;98.88
2022/4/4 10:38;97.61
2022/4/4 10:39;98.02
2022/4/4 10:40;98.38
2022/4/4 10:41;98.85
2022/4/4 10:42;98.38
2022/4/4 10:43;99.16
2022/4/4 10:44;98.32
2022/4/4 10:45;100.71
2022/4/4 10:46;98.53
2022/4/4 10:47;98.85
2022/4/4 10:48;98.40
2022/4/4 10:49;99.30
2022/4/4 10:50;99.22
2022/4/4 10:51;99.75
2022/4/4 10:52;99.10
2022/4/4 10:53;98.97
2022/4/4 10:54;98.11
2022/4/4 10:55;91.85
2022/4/4 10:56;92.35
2022/4/4 10:57;91.74
2022/4/4 10:58;91.85
2022/4/4 10:59;92.30
2022/4/4 11:00;92.31
2022/4/4 11:01;93.11
2022/4/4 11:02;94.50
2022/4/4 11:03;104.73
2022/4/4 11:04;107.81
2022/4/4 11:05;109.41
2022/4/4 11:06;106.88
2022/4/4 11:07;106.97
2022/4/4 11:08;107.64
2022/4/4 11:09;107.13
2022/4/4 11:10;106.50
2022/4/4 11:11;108.62
2022/4/4 11:12;108.56
2022/4/4 11:13;106.99
2022/4/4 11:14;107.07
2022/4/4 11:15;107.41
2022/4/4 11:16;107.10
2022/4/4 11:17;106.46
2022/4/4 11:18;107.25
2022/4/4 11:19;107.82
2022/4/4 11:20;107.43
2022/4/4 11:21;108.08
2022/4/4 11:22;108.67
2022/4/4 11:23;108.43
2022/4/4 11:24;108.19
2022/4/4 11:25;108.30
2022/4/4 11:26;107.09
2022/4/4 11:27;107.18
2022/4/4 11:28;108.84
2022/4/4 11:29;109.13
2022/4/4 11:30;110.06
2022/4/4 11:31;111.64
2022/4/4 11:32;114.54
2022/4/4 11:33;112.33
2022/4/4 11:34;108.41
2022/4/4 11:35;109.59
2022/4/4 11:36;110.20
2022/4/4 11:37;108.89
2022/4/4 11:38;109.51
2022/4/4 11:39;109.14
2022/4/4 11:40;106.51
2022/4/4 11:41;96.81
2022/4/4 11:42;94.95
2022/4/4 11:43;96.92
2022/4/4 11:44;95.58
2022/4/4 11:45;94.14
2022/4/4 11:46;96.18
2022/4/4 11:47;96.79
2022/4/4 11:48;94.53
2022/4/4 11:49;94.62
2022/4/4 11:50;102.98
2022/4/4 11:51;102.13
2022/4/4 11:52;109.16
2022/4/4 11:53;110.39
2022/4/4 11:54;110.82
2022/4/4 11:55;108.64
2022/4/4 11:56;108.82
2022/4/4 11:57;109.61
2022/4/4 11:58;109.66
2022/4/4 11:59;108.46
2022/4/4 12:00;109.08
2022/4/4 12:01;110.21
2022/4/4 12:02;109.71
2022/4/4 12:03;108.67
2022/4/4 12:04;108.97
2022/4/4 12:05;111.22
2022/4/4 12:06;110.84
2022/4/4 12:07;110.34
2022/4/4 12:08;110.71
2022/4/4 12:09;111.72
2022/4/4 12:10;110.49
2022/4/4 12:11;108.25
2022/4/4 12:12;108.00
2022/4/4 12:13;108.01
2022/4/4 12:14;107.51
2022/4/4 12:15;107.01
2022/4/4 12:16;107.27
2022/4/4 12:17;107.85
2022/4/4 12:18;107.95
2022/4/4 12:19;108.96
2022/4/4 12:20;107.58
2022/4/4 12:21;96.32
2022/4/4 12:22;94.07
2022/4/4 12:23;97.25
2022/4/4 12:24;96.52
2022/4/4 12:25;95.01
2022/4/4 12:26;95.10
2022/4/4 12:27;95.69
2022/4/4 12:28;90.84
2022/4/4 12:29;80.45
2022/4/4 12:30;79.34
2022/4/4 12:31;81.36
2022/4/4 12:32;80.53
2022/4/4 12:33;80.35
2022/4/4 12:34;80.40
2022/4/4 12:35;79.16
2022/4/4 12:36;79.33
2022/4/4 12:37;79.85
2022/4/4 12:38;79.94
2022/4/4 12:39;79.99
2022/4/4 12:40;79.85
2022/4/4 12:41;78.79
2022/4/4 12:42;79.68
2022/4/4 12:43;80.73
2022/4/4 12:44;81.05
2022/4/4 12:45;79.85
2022/4/4 12:46;79.88
2022/4/4 12:47;80.73
2022/4/4 12:48;80.04
2022/4/4 12:49;79.86
2022/4/4 12:50;80.47
2022/4/4 12:51;81.49
2022/4/4 12:52;82.57
2022/4/4 12:53;82.46
2022/4/4 12:54;79.58
2022/4/4 12:55;78.99
2022/4/4 12:56;79.80
2022/4/4 12:57;80.07
2022/4/4 12:58;80.23
2022/4/4 12:59;89.25
2022/4/4 13:00;91.30
2022/4/4 13:01;91.24
2022/4/4 13:02;95.25
2022/4/4 13:03;94.86
2022/4/4 13:04;95.12
2022/4/4 13:05;95.14
2022/4/4 13:06;94.50
2022/4/4 13:07;94.56
2022/4/4 13:08;95.43
2022/4/4 13:09;96.12
2022/4/4 13:10;94.67
2022/4/4 13:11;95.91
2022/4/4 13:12;94.64
2022/4/4 13:13;96.45
2022/4/4 13:14;95.12
2022/4/4 13:15;94.26
2022/4/4 13:16;95.53
2022/4/4 13:17;94.69
2022/4/4 13:18;94.57
2022/4/4 13:19;94.96
2022/4/4 13:20;95.41
2022/4/4 13:21;95.84
2022/4/4 13:22;95.50
2022/4/4 13:23;96.43
2022/4/4 13:24;96.53
2022/4/4 13:25;94.72
2022/4/4 13:26;95.28
2022/4/4 13:27;95.15
